Platform,Attack,Role,Swarm_N,Median_ms,Mean_ms,Min_ms,Max_ms,StdDev_ms
windows_gcs_x86,sybil,root,5,4.141899999922316,4.1525499999806925,1.3945000000603613,6.955300000299758,1.360064995806771
windows_gcs_x86,sybil,root,10,4.218699999910314,4.139193333291284,1.4904999998179846,8.752900000217778,1.5860097906433905
windows_gcs_x86,sybil,root,15,4.094850000456063,4.0309500001967535,1.897099999951024,7.1806000005381065,1.1297680546441935
windows_gcs_x86,sybil,root,20,4.401400000006106,4.438263333304349,2.4868999998943764,8.676200000081735,1.3570154223017263
windows_gcs_x86,sybil,root,25,3.4579999996822153,4.143606666548294,1.4766999993298668,10.740499999883468,2.083480462320115
windows_gcs_x86,sybil,root,30,4.506550000314746,5.5458066666687955,2.531500000259257,17.430099999728554,3.4961176356368524
windows_gcs_x86,sybil,root,35,5.781150000075286,7.413243333424664,2.6723999999376247,25.627800000620482,4.998656328225631
windows_gcs_x86,sybil,root,40,4.522100000485807,4.844916666722081,1.5739999998913845,11.857000000418338,2.1914749435893506
windows_gcs_x86,sybil,root,45,2.819349999754195,3.413590000127442,1.6109999996842816,5.325999999513442,1.0307179463554825
windows_gcs_x86,sybil,root,50,2.7132000000165135,3.006220000073275,1.5944999995554099,8.12450000012177,1.3167346026531193
windows_gcs_x86,sybil,intermediate,5,4.149950000282843,5.779686666634613,1.3799999996990664,26.94710000014311,5.926132347636761
windows_gcs_x86,sybil,intermediate,10,4.308050000418007,4.685366666732686,2.5538999998389045,9.708900000077847,1.8257131545179923
windows_gcs_x86,sybil,intermediate,15,3.1806499996491766,3.7730066665062623,2.23679999999149,7.768100000248523,1.345890362415745
windows_gcs_x86,sybil,intermediate,20,3.87300000011237,3.9007833332410278,2.3704999994151876,6.365499999446911,1.1940375798225025
windows_gcs_x86,sybil,intermediate,25,3.449699999691802,4.73080000004605,1.3847000000168919,22.509899999931804,3.958387592937557
windows_gcs_x86,sybil,intermediate,30,4.5509000001402455,4.5525066666414205,2.6453000000401516,7.7535999998872285,1.4561452186876487
windows_gcs_x86,sybil,intermediate,35,4.155149999860441,4.405716666587978,2.4395000000367872,10.192700000516197,1.7809461533153401
windows_gcs_x86,sybil,intermediate,40,2.8043499996783794,3.9002033333417785,1.5711999994891812,8.959099999628961,2.0552719737957013
windows_gcs_x86,sybil,intermediate,45,2.9316000000108033,3.483506666695272,1.5569999995932449,8.247400000072957,1.553902508862518
windows_gcs_x86,sybil,intermediate,50,4.120199999761098,4.378056666670697,2.2587000003113644,14.928199999303615,2.347957765059124
windows_gcs_x86,sybil,leaf,5,4.086750000169559,4.0863700000045355,1.5432000000146218,8.805000000393193,1.342019332042936
windows_gcs_x86,sybil,leaf,10,4.502999999658641,5.745393333260533,1.5571999992971541,20.251699999789707,3.9608025916125538
windows_gcs_x86,sybil,leaf,15,4.105349999917962,4.081966666672088,1.4663000001746695,9.168999999928928,1.6770729035042145
windows_gcs_x86,sybil,leaf,20,3.252049999900919,3.585429999960373,1.4767000002393615,7.0316000001184875,1.1934925611442624
windows_gcs_x86,sybil,leaf,25,3.323299999919982,3.6959200000334627,2.226100000370934,6.753200000275683,1.247032558044987
windows_gcs_x86,sybil,leaf,30,4.643299999770534,5.050213333136829,2.8134000003774418,16.349300000001676,2.5187492337611608
windows_gcs_x86,sybil,leaf,35,3.4141499995712365,3.740226666620098,1.5797999994902057,8.65579999936017,1.5087806857907549
windows_gcs_x86,sybil,leaf,40,2.7918000000681786,3.4033866665898436,1.5713999991930905,10.268500000165659,1.6076558510706327
windows_gcs_x86,sybil,leaf,45,3.1093999996301136,4.026279999986097,1.561799999763025,18.3630000001358,2.9667753039853326
windows_gcs_x86,sybil,leaf,50,3.515399999287183,3.6777466664716485,1.6013000004022615,8.008199999494536,1.433749196873342
windows_gcs_x86,ddos,root,5,4.155200000241166,4.017746666643991,1.3781999996353989,7.6715999994121375,1.540386327630851
windows_gcs_x86,ddos,root,10,3.5096500000690867,4.258233333348471,1.5221000003293739,25.570699999661883,4.084426451166145
windows_gcs_x86,ddos,root,15,4.044099999646278,4.577286666547782,1.529399999526504,12.620900000001711,2.141437975138719
windows_gcs_x86,ddos,root,20,4.044649999741523,3.838039999936882,1.4428000004045316,7.531100000051083,1.3193943781480861
windows_gcs_x86,ddos,root,25,2.8771500001312234,3.6247299999862057,1.30890000036743,15.694200000325509,2.5167015705101146
windows_gcs_x86,ddos,root,30,4.546549999759009,4.839996666548056,2.472900000611844,11.934199999814155,2.097427816203133
windows_gcs_x86,ddos,root,35,3.8625500001217006,4.061219999978978,2.566799999840441,8.7946000003285,1.5936265555720461
windows_gcs_x86,ddos,root,40,3.215849999378406,3.8337466665325337,1.4984999997977866,9.580799999639567,1.8570153965292127
windows_gcs_x86,ddos,root,45,3.3026500004780246,4.015439999996791,1.6888999998627696,13.655300000209536,2.2679539188249023
windows_gcs_x86,ddos,root,50,3.15989999944577,3.6660133333801546,1.496699999734119,9.829499999796099,1.8106046810211978
windows_gcs_x86,ddos,intermediate,5,4.145249999965017,4.968876666650128,1.7186999994009966,15.91409999946336,2.6012506904863955
windows_gcs_x86,ddos,intermediate,10,3.9295000001402514,3.8981800000025637,1.9865000003846944,8.941199999753735,1.5375030010078585
windows_gcs_x86,ddos,intermediate,15,3.9949499996509985,4.399066666640768,1.325600000200211,10.108000000400352,2.217176839660486
windows_gcs_x86,ddos,intermediate,20,4.038250000121479,3.75323000004452,1.3337999998839223,6.014399999912712,1.0021733612659702
windows_gcs_x86,ddos,intermediate,25,3.396300000076735,3.5259566667264153,2.1825000003445894,6.137299999863899,1.133863893304812
windows_gcs_x86,ddos,intermediate,30,4.832650000025751,4.75631999994827,2.5234000004275003,10.520899999391986,1.6355174718167258
windows_gcs_x86,ddos,intermediate,35,4.270899999937683,4.386320000079043,2.5381999994351645,7.312400000046182,1.2373210292557564
windows_gcs_x86,ddos,intermediate,40,2.8852000000370026,3.5463666667055804,1.506399999925634,9.099400000195601,1.782724165244164
windows_gcs_x86,ddos,intermediate,45,2.8056999999535037,3.6577333333904485,1.446600000235776,9.70950000009907,2.2493841496155724
windows_gcs_x86,ddos,intermediate,50,2.885650000280293,3.369440000036169,1.416600000084145,7.5667999999495805,1.6548427111696549
windows_gcs_x86,ddos,leaf,5,4.637150000235124,4.968513333308995,2.4999999995998223,10.748900000180583,1.722817417269944
windows_gcs_x86,ddos,leaf,10,3.3392499999536085,3.495500000038495,1.4712000001964043,7.145200000195473,1.3533749414358485
windows_gcs_x86,ddos,leaf,15,3.9499000004070695,4.407253333344367,1.4191999998729443,11.964300000727235,2.477339183895234
windows_gcs_x86,ddos,leaf,20,2.5489499998911924,3.109863333308264,1.3718000000153552,13.70870000027935,2.1044977108661422
windows_gcs_x86,ddos,leaf,25,3.1828500000301574,3.49532333333021,1.5677000001232955,6.059000000277592,1.1459755679786718
windows_gcs_x86,ddos,leaf,30,4.730249999738589,5.18087333339281,2.7903000000151224,9.522800000013376,1.6205257471240164
windows_gcs_x86,ddos,leaf,35,3.090499999871099,4.474153333194408,1.4992999995229184,31.570400000418886,5.242931651109023
windows_gcs_x86,ddos,leaf,40,2.705450000576093,2.8110133333332974,1.5086000003066147,5.251900000075693,1.0595935115847746
windows_gcs_x86,ddos,leaf,45,3.2526499999221414,3.502256666585405,1.492599999437516,6.289699999797449,1.283287149379818
windows_gcs_x86,ddos,leaf,50,4.422450000220124,4.390459999982947,1.6876999998203246,8.492399999340705,1.713877338181975
